filename,flair_dice,flair_sens,flair_prec,t1c_dice,t1c_sens,t1c_prec,t2_dice,t2_sens,t2_prec,fus2_dice,fus2_sens,fus2_prec,fus3_dice,fus3_sens,fus3_prec
BRATS_001.nii.gz,0.672,0.754,0.606,0.802,0.723,0.900,0.658,0.526,0.881,0.665,0.941,0.514,0.614,0.448,0.978
BRATS_002.nii.gz,0.755,0.666,0.872,0.001,0.001,1.000,0.794,0.662,0.991,0.369,0.672,0.254,0.815,0.723,0.935
BRATS_003.nii.gz,0.745,0.595,0.998,0.000,0.000,1.000,0.542,0.475,0.631,0.354,0.831,0.225,0.766,0.622,0.996
BRATS_004.nii.gz,0.935,0.888,0.988,0.001,0.000,1.000,0.928,0.866,1.000,0.878,0.903,0.854,0.828,0.707,1.000
BRATS_005.nii.gz,0.221,0.552,0.138,0.001,0.001,1.000,0.744,0.592,1.000,0.154,0.563,0.089,0.358,0.559,0.263
BRATS_006.nii.gz,0.359,0.219,0.999,0.000,0.000,1.000,0.595,0.423,1.000,0.348,0.212,0.969,0.462,0.301,0.990
BRATS_007.nii.gz,0.837,0.826,0.848,0.326,0.955,0.197,0.370,0.262,0.634,0.742,0.880,0.642,0.862,0.854,0.870
BRATS_008.nii.gz,0.797,0.671,0.980,0.000,0.000,1.000,0.602,0.437,0.966,0.883,0.820,0.957,0.832,0.726,0.975
BRATS_009.nii.gz,0.685,0.527,0.979,0.000,0.000,1.000,0.499,0.408,0.641,0.803,0.704,0.933,0.784,0.651,0.985
BRATS_010.nii.gz,0.643,0.928,0.491,0.002,0.001,1.000,0.145,0.078,1.000,0.382,0.907,0.242,0.767,0.958,0.639
BRATS_011.nii.gz,0.112,0.059,1.000,0.001,0.000,1.000,0.100,0.052,1.000,0.113,0.060,0.990,0.113,0.060,1.000
BRATS_012.nii.gz,0.900,0.911,0.890,0.002,0.001,1.000,0.846,0.806,0.890,0.150,0.900,0.082,0.919,0.916,0.922
BRATS_013.nii.gz,0.894,0.991,0.814,0.316,0.812,0.196,0.672,0.833,0.563,0.148,1.000,0.080,0.896,0.991,0.817
BRATS_014.nii.gz,0.484,0.341,0.836,0.001,0.000,1.000,0.660,0.649,0.671,0.573,0.496,0.678,0.829,0.799,0.862
BRATS_015.nii.gz,0.707,0.558,0.965,0.000,0.000,1.000,0.829,0.748,0.928,0.846,0.807,0.888,0.871,0.787,0.973
BRATS_016.nii.gz,0.768,0.943,0.648,0.001,0.000,1.000,0.143,0.077,1.000,0.634,0.919,0.484,0.875,0.945,0.814
BRATS_017.nii.gz,0.690,0.563,0.890,0.001,0.000,1.000,0.685,0.687,0.683,0.839,0.886,0.797,0.900,0.862,0.942
BRATS_018.nii.gz,0.246,0.140,0.978,0.001,0.000,1.000,0.922,0.856,1.000,0.168,0.092,0.947,0.671,0.509,0.986
BRATS_019.nii.gz,0.069,0.040,0.272,0.042,0.045,0.039,0.070,0.038,0.468,0.407,0.301,0.628,0.874,0.893,0.855
BRATS_020.nii.gz,0.176,0.098,0.840,0.001,0.001,1.000,0.171,0.094,0.945,0.099,0.097,0.101,0.178,0.100,0.837
BRATS_021.nii.gz,0.655,0.506,0.929,0.523,0.359,0.964,0.711,0.718,0.704,0.690,0.544,0.942,0.699,0.565,0.917
BRATS_022.nii.gz,0.810,0.703,0.956,0.000,0.000,1.000,0.614,0.443,1.000,0.773,0.667,0.919,0.787,0.666,0.961
BRATS_023.nii.gz,0.570,0.615,0.532,0.001,0.001,1.000,0.479,0.559,0.419,0.390,0.632,0.282,0.678,0.631,0.732
BRATS_024.nii.gz,0.844,0.793,0.903,0.002,0.001,1.000,0.773,0.630,1.000,0.351,0.441,0.291,0.835,0.835,0.834
BRATS_025.nii.gz,0.687,0.809,0.597,0.002,0.001,1.000,0.911,0.836,1.000,0.485,0.750,0.358,0.932,0.917,0.948
BRATS_026.nii.gz,0.941,0.924,0.960,0.001,0.001,1.000,0.921,0.859,0.993,0.627,0.995,0.458,0.956,0.946,0.967
BRATS_027.nii.gz,0.888,0.801,0.997,0.243,0.420,0.171,0.853,0.744,1.000,0.818,0.774,0.866,0.907,0.831,0.997
BRATS_028.nii.gz,0.000,0.000,0.000,0.160,0.263,0.115,0.000,0.000,0.000,0.615,0.720,0.538,0.736,0.751,0.722
BRATS_029.nii.gz,0.420,0.896,0.274,0.002,0.001,1.000,0.898,0.815,1.000,0.141,0.841,0.077,0.585,0.887,0.437
BRATS_030.nii.gz,0.721,0.599,0.906,0.002,0.001,1.000,0.846,0.737,0.992,0.274,0.532,0.184,0.943,0.937,0.949
BRATS_031.nii.gz,0.646,0.838,0.526,0.144,0.511,0.084,0.710,0.621,0.828,0.505,0.730,0.387,0.698,0.833,0.601
BRATS_032.nii.gz,0.798,0.714,0.906,0.000,0.000,1.000,0.598,0.456,0.872,0.734,0.646,0.849,0.793,0.699,0.915
BRATS_033.nii.gz,0.781,0.704,0.875,0.893,0.860,0.928,0.632,0.547,0.748,0.858,0.851,0.864,0.864,0.837,0.892
BRATS_034.nii.gz,0.735,0.700,0.773,0.000,0.000,1.000,0.718,0.560,1.000,0.501,0.588,0.437,0.774,0.890,0.684
BRATS_035.nii.gz,0.464,0.302,0.994,0.240,0.580,0.152,0.437,0.283,0.962,0.780,0.668,0.937,0.719,0.573,0.965
BRATS_036.nii.gz,0.531,0.361,0.998,0.001,0.000,1.000,0.777,0.635,0.999,0.382,0.253,0.782,0.600,0.429,0.997
BRATS_037.nii.gz,0.671,0.511,0.976,0.467,0.447,0.490,0.504,0.612,0.428,0.558,0.587,0.531,0.748,0.654,0.873
BRATS_038.nii.gz,0.608,0.440,0.984,0.307,0.182,1.000,0.558,0.387,0.999,0.597,0.427,0.990,0.473,0.310,1.000
BRATS_039.nii.gz,0.732,0.592,0.960,0.545,0.638,0.476,0.376,0.496,0.303,0.771,0.633,0.986,0.715,0.568,0.963
BRATS_040.nii.gz,0.873,0.793,0.971,0.126,0.067,1.000,0.890,0.838,0.949,0.919,0.912,0.927,0.917,0.876,0.962
BRATS_041.nii.gz,0.344,0.208,1.000,0.001,0.000,1.000,0.617,0.506,0.791,0.527,0.796,0.394,0.358,0.218,1.000
BRATS_042.nii.gz,0.829,0.754,0.922,0.002,0.001,1.000,0.785,0.685,0.920,0.433,0.452,0.416,0.673,0.833,0.565
BRATS_043.nii.gz,0.734,0.680,0.796,0.558,0.619,0.507,0.673,0.507,1.000,0.504,0.861,0.356,0.904,0.873,0.938
BRATS_044.nii.gz,0.810,0.980,0.690,0.002,0.001,1.000,0.819,0.694,1.000,0.567,0.998,0.396,0.834,0.716,1.000
BRATS_045.nii.gz,0.959,0.968,0.950,0.001,0.000,1.000,0.386,0.239,1.000,0.596,0.967,0.430,0.809,0.680,0.999
BRATS_046.nii.gz,0.822,0.785,0.862,0.801,0.687,0.960,0.693,0.659,0.731,0.822,0.749,0.910,0.797,0.686,0.950
BRATS_047.nii.gz,0.451,0.294,0.962,0.467,0.308,0.968,0.782,0.803,0.762,0.793,0.671,0.969,0.897,0.855,0.944
BRATS_048.nii.gz,0.927,0.910,0.943,0.545,0.375,0.998,0.605,0.580,0.631,0.914,0.902,0.926,0.922,0.902,0.943
BRATS_049.nii.gz,0.879,0.941,0.825,0.783,0.644,0.998,0.694,0.585,0.854,0.855,0.899,0.816,0.944,0.917,0.973
BRATS_050.nii.gz,0.731,0.576,1.000,0.688,0.526,0.993,0.608,0.437,1.000,0.723,0.566,1.000,0.722,0.565,1.000
BRATS_051.nii.gz,0.828,0.706,1.000,0.001,0.000,1.000,0.733,0.806,0.673,0.907,0.859,0.962,0.853,0.744,1.000
BRATS_052.nii.gz,0.713,0.901,0.590,0.001,0.000,1.000,0.768,0.756,0.780,0.451,0.931,0.297,0.694,0.879,0.573
BRATS_053.nii.gz,0.559,0.403,0.911,0.405,0.481,0.349,0.403,0.254,0.980,0.528,0.370,0.924,0.544,0.385,0.929
BRATS_054.nii.gz,0.677,0.512,1.000,0.132,0.070,1.000,0.567,0.532,0.606,0.758,0.638,0.935,0.748,0.603,0.986
BRATS_055.nii.gz,0.727,0.577,0.981,0.269,0.156,0.991,0.395,0.325,0.503,0.783,0.734,0.838,0.761,0.621,0.983
BRATS_056.nii.gz,0.696,0.537,0.986,0.253,0.145,0.998,0.478,0.438,0.527,0.728,0.672,0.795,0.763,0.619,0.992
BRATS_057.nii.gz,0.806,0.691,0.966,0.290,0.169,0.995,0.431,0.381,0.498,0.567,0.812,0.436,0.813,0.697,0.974
BRATS_058.nii.gz,0.702,0.638,0.780,0.001,0.000,1.000,0.442,0.284,1.000,0.479,0.692,0.366,0.691,0.530,0.994
BRATS_059.nii.gz,0.713,0.559,0.985,0.001,0.000,1.000,0.702,0.638,0.779,0.808,0.776,0.843,0.771,0.645,0.957
BRATS_060.nii.gz,0.748,0.638,0.904,0.001,0.000,1.000,0.557,0.617,0.507,0.797,0.787,0.806,0.710,0.656,0.773
BRATS_061.nii.gz,0.852,0.846,0.859,0.001,0.000,1.000,0.693,0.530,1.000,0.747,0.944,0.618,0.897,0.902,0.892
BRATS_062.nii.gz,0.599,0.706,0.520,0.273,0.756,0.166,0.467,0.317,0.887,0.374,0.984,0.231,0.629,0.780,0.527
BRATS_063.nii.gz,0.841,0.728,0.997,0.001,0.000,1.000,0.765,0.652,0.924,0.813,0.695,0.979,0.859,0.765,0.979
BRATS_064.nii.gz,0.853,0.765,0.965,0.842,0.728,0.997,0.535,0.365,1.000,0.914,0.853,0.985,0.907,0.850,0.972
BRATS_065.nii.gz,0.848,0.927,0.782,0.687,0.528,0.982,0.388,0.241,1.000,0.491,0.974,0.328,0.863,0.964,0.781
BRATS_066.nii.gz,0.598,0.452,0.883,0.000,0.000,1.000,0.745,0.765,0.726,0.632,0.944,0.476,0.610,0.465,0.886
BRATS_067.nii.gz,0.731,0.870,0.630,0.141,0.421,0.085,0.676,0.542,0.898,0.538,0.788,0.408,0.812,0.877,0.756
BRATS_068.nii.gz,0.293,0.743,0.183,0.143,0.616,0.081,0.476,0.410,0.567,0.165,0.732,0.093,0.607,0.628,0.588
BRATS_069.nii.gz,0.761,0.995,0.615,0.295,0.965,0.174,0.095,0.050,1.000,0.414,0.998,0.261,0.870,0.890,0.852
BRATS_070.nii.gz,0.697,0.994,0.536,0.290,0.862,0.174,0.129,0.069,1.000,0.333,0.994,0.200,0.917,0.894,0.941
BRATS_071.nii.gz,0.816,0.943,0.719,0.276,1.000,0.160,0.108,0.126,0.095,0.681,0.980,0.522,0.915,0.942,0.889
BRATS_072.nii.gz,0.702,0.673,0.734,0.409,0.518,0.338,0.271,0.157,1.000,0.614,0.724,0.533,0.630,0.480,0.914
BRATS_073.nii.gz,0.471,0.312,0.955,0.001,0.000,1.000,0.109,0.058,1.000,0.608,0.771,0.502,0.660,0.564,0.795
BRATS_074.nii.gz,0.778,0.714,0.853,0.000,0.000,1.000,0.245,0.140,0.963,0.776,0.775,0.777,0.725,0.612,0.889
BRATS_075.nii.gz,0.433,0.291,0.840,0.308,0.429,0.240,0.337,0.296,0.393,0.631,0.534,0.769,0.633,0.479,0.933
BRATS_076.nii.gz,0.864,0.833,0.897,0.001,0.000,1.000,0.697,0.542,0.976,0.684,0.914,0.547,0.847,0.855,0.839
BRATS_077.nii.gz,0.846,0.990,0.739,0.002,0.001,1.000,0.568,0.571,0.564,0.669,0.999,0.503,0.846,0.993,0.736
BRATS_078.nii.gz,0.736,0.593,0.970,0.574,0.704,0.484,0.334,0.466,0.260,0.816,0.698,0.983,0.498,0.839,0.354
BRATS_079.nii.gz,0.205,0.114,0.996,0.328,0.197,0.977,0.775,0.738,0.815,0.381,0.573,0.286,0.764,0.664,0.899
BRATS_080.nii.gz,0.542,0.403,0.828,0.001,0.000,1.000,0.597,0.425,1.000,0.323,0.337,0.310,0.586,0.415,0.999
BRATS_081.nii.gz,0.849,0.849,0.849,0.322,0.400,0.270,0.237,0.135,1.000,0.656,0.619,0.698,0.661,0.496,0.989
BRATS_082.nii.gz,0.826,0.704,1.000,0.950,0.906,0.999,0.901,0.820,1.000,0.927,0.864,1.000,0.844,0.730,1.000
BRATS_083.nii.gz,0.711,0.936,0.573,0.242,0.663,0.148,0.275,0.159,1.000,0.338,0.959,0.205,0.327,0.196,0.987
BRATS_084.nii.gz,0.596,0.996,0.425,0.220,0.602,0.134,0.251,0.144,1.000,0.588,0.924,0.431,0.708,0.974,0.556
BRATS_085.nii.gz,0.368,0.226,0.991,0.349,0.225,0.771,0.595,0.423,1.000,0.710,0.586,0.899,0.704,0.545,0.997
BRATS_086.nii.gz,0.729,0.617,0.891,0.001,0.000,1.000,0.735,0.583,0.991,0.883,0.897,0.870,0.846,0.792,0.908
BRATS_087.nii.gz,0.682,0.786,0.602,0.404,0.259,0.913,0.838,0.739,0.966,0.347,0.996,0.210,0.777,0.739,0.819
BRATS_088.nii.gz,0.793,0.660,0.992,0.000,0.000,1.000,0.617,0.528,0.741,0.782,0.684,0.911,0.835,0.722,0.988
BRATS_089.nii.gz,0.921,0.899,0.944,0.001,0.000,1.000,0.645,0.617,0.676,0.857,0.909,0.810,0.828,0.707,1.000
BRATS_090.nii.gz,0.811,0.876,0.755,0.396,0.325,0.506,0.413,0.267,0.906,0.375,0.889,0.238,0.806,0.844,0.772
BRATS_091.nii.gz,0.855,0.851,0.859,0.001,0.000,1.000,0.714,0.555,1.000,0.877,0.927,0.832,0.762,0.615,1.000
BRATS_092.nii.gz,0.906,0.976,0.846,0.001,0.000,1.000,0.759,0.744,0.776,0.159,0.253,0.116,0.910,0.983,0.847
BRATS_093.nii.gz,0.741,0.755,0.726,0.681,0.518,0.994,0.465,0.307,0.964,0.703,0.546,0.986,0.871,0.791,0.970
BRATS_094.nii.gz,0.639,0.485,0.937,0.000,0.000,1.000,0.737,0.591,0.978,0.856,0.797,0.926,0.578,0.407,0.995
BRATS_095.nii.gz,0.305,0.898,0.184,0.000,0.000,0.000,0.000,0.000,0.000,0.201,0.773,0.116,0.370,0.893,0.233
BRATS_096.nii.gz,0.888,0.825,0.960,0.947,0.903,0.996,0.838,0.827,0.849,0.879,0.784,1.000,0.881,0.787,1.000
BRATS_097.nii.gz,0.663,0.595,0.749,0.516,0.598,0.453,0.803,0.675,0.989,0.645,0.818,0.532,0.874,0.801,0.961
BRATS_098.nii.gz,0.817,0.692,0.998,0.394,0.245,1.000,0.804,0.672,1.000,0.694,0.726,0.664,0.859,0.753,1.000
BRATS_099.nii.gz,0.595,0.424,0.995,0.001,0.000,1.000,0.892,0.806,1.000,0.695,0.540,0.973,0.708,0.548,0.999
BRATS_100.nii.gz,0.553,0.410,0.845,0.436,0.280,0.985,0.612,0.441,0.999,0.457,0.961,0.300,0.908,0.908,0.909
BRATS_101.nii.gz,0.546,0.437,0.728,0.160,0.104,0.355,0.499,0.376,0.745,0.350,0.639,0.241,0.533,0.372,0.940
BRATS_102.nii.gz,0.581,0.928,0.423,0.203,0.372,0.140,0.375,0.231,1.000,0.440,0.282,1.000,0.639,0.471,0.995
BRATS_103.nii.gz,0.610,0.469,0.874,0.001,0.000,1.000,0.668,0.527,0.909,0.615,0.536,0.720,0.662,0.496,0.993
BRATS_104.nii.gz,0.711,0.625,0.826,0.579,0.969,0.413,0.583,0.415,0.979,0.740,0.680,0.813,0.723,0.571,0.986
BRATS_105.nii.gz,0.655,0.597,0.726,0.601,0.855,0.463,0.149,0.082,0.803,0.598,0.611,0.585,0.691,0.608,0.799
BRATS_106.nii.gz,0.661,0.578,0.771,0.270,0.703,0.167,0.243,0.239,0.248,0.765,0.875,0.680,0.640,0.487,0.935
BRATS_107.nii.gz,0.691,0.944,0.545,0.001,0.001,1.000,0.286,0.342,0.245,0.315,0.969,0.188,0.867,0.937,0.807
BRATS_108.nii.gz,0.749,0.620,0.945,0.001,0.000,1.000,0.576,0.491,0.695,0.733,0.658,0.828,0.742,0.602,0.968
BRATS_109.nii.gz,0.878,0.893,0.863,0.549,0.423,0.782,0.858,0.751,0.999,0.859,0.937,0.792,0.825,0.702,1.000
BRATS_110.nii.gz,0.710,0.726,0.696,0.001,0.000,1.000,0.760,0.614,0.996,0.681,0.853,0.567,0.754,0.606,1.000
BRATS_111.nii.gz,0.895,0.846,0.950,0.496,0.448,0.555,0.583,0.421,0.946,0.780,0.844,0.725,0.875,0.806,0.957
BRATS_112.nii.gz,0.904,0.846,0.972,0.456,0.296,0.997,0.826,0.717,0.973,0.842,0.811,0.875,0.898,0.820,0.994
BRATS_113.nii.gz,0.588,0.417,0.998,0.001,0.000,1.000,0.851,0.753,0.977,0.716,0.557,1.000,0.919,0.851,1.000
BRATS_114.nii.gz,0.860,0.775,0.966,0.662,0.508,0.951,0.624,0.686,0.572,0.798,0.877,0.732,0.894,0.809,0.999
BRATS_115.nii.gz,0.840,0.725,1.000,0.001,0.000,1.000,0.744,0.592,1.000,0.791,0.836,0.750,0.849,0.738,1.000
BRATS_116.nii.gz,0.000,0.000,0.000,0.124,0.163,0.101,0.000,0.000,0.000,0.000,0.000,0.000,0.000,0.000,0.000
BRATS_117.nii.gz,0.055,0.030,0.388,0.000,0.000,1.000,0.051,0.028,0.340,0.042,0.025,0.125,0.054,0.030,0.315
BRATS_118.nii.gz,0.800,0.703,0.929,0.001,0.000,1.000,0.156,0.085,1.000,0.842,0.903,0.788,0.924,0.920,0.929
BRATS_119.nii.gz,0.665,0.498,1.000,0.835,0.747,0.946,0.420,0.266,1.000,0.803,0.673,0.995,0.632,0.462,0.999
BRATS_120.nii.gz,0.382,1.000,0.236,0.157,0.246,0.115,0.045,0.023,0.963,0.203,0.997,0.113,0.594,0.961,0.430
BRATS_121.nii.gz,0.596,0.687,0.527,0.344,0.617,0.239,0.597,0.549,0.654,0.171,0.696,0.098,0.765,0.638,0.955
BRATS_122.nii.gz,0.774,0.900,0.680,0.377,0.681,0.261,0.511,0.502,0.521,0.427,0.914,0.279,0.843,0.774,0.925
BRATS_123.nii.gz,0.809,0.685,0.989,0.001,0.000,1.000,0.665,0.504,0.978,0.782,0.657,0.965,0.814,0.694,0.984
BRATS_124.nii.gz,0.793,0.873,0.726,0.325,0.809,0.203,0.444,0.285,1.000,0.368,0.909,0.230,0.873,0.810,0.946
BRATS_125.nii.gz,0.900,0.863,0.940,0.001,0.001,1.000,0.472,0.309,1.000,0.781,0.872,0.707,0.902,0.839,0.976
BRATS_126.nii.gz,0.667,0.518,0.936,0.001,0.000,1.000,0.614,0.631,0.597,0.584,0.456,0.810,0.745,0.622,0.927
BRATS_127.nii.gz,0.805,0.673,1.000,0.091,0.159,0.064,0.766,0.620,1.000,0.541,0.965,0.376,0.846,0.733,1.000
BRATS_128.nii.gz,0.904,0.866,0.945,0.067,0.213,0.040,0.572,0.834,0.436,0.161,0.368,0.103,0.944,0.942,0.947
BRATS_129.nii.gz,0.761,0.733,0.792,0.000,0.000,1.000,0.711,0.658,0.773,0.780,0.810,0.753,0.844,0.790,0.905
BRATS_130.nii.gz,0.789,0.679,0.941,0.001,0.001,1.000,0.749,0.752,0.747,0.508,0.397,0.706,0.806,0.730,0.901
BRATS_131.nii.gz,0.722,0.647,0.817,0.001,0.000,1.000,0.041,0.021,1.000,0.786,0.773,0.801,0.760,0.736,0.786
BRATS_132.nii.gz,0.756,0.631,0.944,0.855,0.756,0.984,0.569,0.549,0.589,0.822,0.715,0.966,0.755,0.611,0.991
BRATS_133.nii.gz,0.797,0.807,0.787,0.471,0.308,1.000,0.738,0.587,0.994,0.289,0.738,0.179,0.647,0.480,0.993
BRATS_134.nii.gz,0.603,0.614,0.593,0.400,0.768,0.271,0.412,0.292,0.702,0.642,0.729,0.574,0.659,0.615,0.709
BRATS_135.nii.gz,0.697,0.547,0.961,0.001,0.000,1.000,0.661,0.610,0.721,0.581,0.481,0.733,0.778,0.712,0.858
BRATS_136.nii.gz,0.640,0.519,0.834,0.601,0.472,0.827,0.112,0.059,0.986,0.559,0.414,0.859,0.669,0.522,0.928
BRATS_137.nii.gz,0.665,0.940,0.514,0.447,0.288,0.999,0.492,0.338,0.900,0.298,0.565,0.202,0.922,0.950,0.896
BRATS_138.nii.gz,0.000,0.000,0.000,0.000,0.000,0.000,0.000,0.000,0.000,0.000,0.000,0.000,0.000,0.000,0.000
BRATS_139.nii.gz,0.818,0.795,0.843,0.579,0.517,0.657,0.430,0.279,0.943,0.736,0.786,0.693,0.898,0.947,0.854
BRATS_140.nii.gz,0.205,0.232,0.184,0.000,0.000,0.000,0.004,0.003,0.008,0.479,0.399,0.599,0.100,0.067,0.198
BRATS_141.nii.gz,0.441,0.360,0.569,0.000,0.000,1.000,0.039,0.025,0.090,0.360,0.337,0.386,0.878,0.837,0.922
BRATS_142.nii.gz,0.748,0.685,0.825,0.679,0.553,0.880,0.577,0.491,0.698,0.787,0.735,0.847,0.681,0.563,0.862
BRATS_143.nii.gz,0.000,0.000,0.000,0.000,0.000,0.000,0.000,0.000,0.000,0.000,0.000,0.000,0.000,0.000,0.000
BRATS_144.nii.gz,0.914,0.922,0.905,0.001,0.001,1.000,0.536,0.405,0.794,0.506,0.912,0.350,0.906,0.867,0.948
BRATS_145.nii.gz,0.881,0.835,0.932,0.791,0.956,0.675,0.794,0.658,1.000,0.928,0.935,0.921,0.891,0.804,1.000
BRATS_146.nii.gz,0.171,0.093,1.000,0.001,0.000,1.000,0.312,0.185,1.000,0.218,0.122,0.985,0.199,0.111,0.997
BRATS_147.nii.gz,0.371,0.228,1.000,0.414,0.698,0.295,0.823,0.706,0.985,0.370,0.227,1.000,0.369,0.227,1.000
BRATS_148.nii.gz,0.743,0.593,0.995,0.099,0.052,1.000,0.615,0.560,0.684,0.860,0.799,0.931,0.719,0.562,1.000
BRATS_149.nii.gz,0.782,0.764,0.802,0.001,0.000,1.000,0.404,0.276,0.750,0.784,0.700,0.890,0.760,0.617,0.990
BRATS_150.nii.gz,0.818,0.727,0.935,0.001,0.000,1.000,0.499,0.414,0.628,0.808,0.719,0.922,0.816,0.697,0.985
BRATS_151.nii.gz,0.693,0.565,0.893,0.001,0.000,1.000,0.454,0.329,0.731,0.738,0.660,0.837,0.699,0.544,0.974
BRATS_152.nii.gz,0.223,0.134,0.673,0.000,0.000,1.000,0.196,0.109,0.981,0.565,0.795,0.439,0.228,0.133,0.810
BRATS_153.nii.gz,0.738,0.588,0.992,0.296,0.174,1.000,0.765,0.656,0.917,0.608,0.698,0.538,0.712,0.556,0.989
BRATS_154.nii.gz,0.556,0.414,0.849,0.746,0.602,0.981,0.848,0.757,0.963,0.853,0.839,0.867,0.916,0.873,0.964
BRATS_155.nii.gz,0.841,0.726,0.999,0.874,0.797,0.968,0.829,0.786,0.877,0.872,0.776,0.995,0.777,0.639,0.993
BRATS_156.nii.gz,0.296,0.223,0.439,0.437,0.415,0.461,0.169,0.130,0.242,0.232,0.232,0.233,0.317,0.237,0.478
BRATS_157.nii.gz,0.825,0.730,0.947,0.338,0.203,0.995,0.373,0.231,0.976,0.863,0.847,0.880,0.898,0.840,0.964
BRATS_158.nii.gz,0.876,0.947,0.814,0.465,0.845,0.321,0.758,0.611,1.000,0.805,0.954,0.696,0.863,0.762,0.994
BRATS_159.nii.gz,0.798,0.716,0.902,0.001,0.000,1.000,0.573,0.402,0.999,0.817,0.813,0.821,0.846,0.764,0.946
BRATS_160.nii.gz,0.485,0.749,0.358,0.780,0.640,0.998,0.717,0.565,0.980,0.824,0.719,0.965,0.826,0.716,0.976
BRATS_161.nii.gz,0.746,0.607,0.966,0.001,0.000,1.000,0.705,0.606,0.843,0.654,0.536,0.838,0.897,0.880,0.915
BRATS_162.nii.gz,0.710,0.572,0.936,0.001,0.000,1.000,0.523,0.354,1.000,0.476,0.974,0.315,0.633,0.472,0.961
BRATS_163.nii.gz,0.261,0.154,0.839,0.168,0.161,0.176,0.769,0.800,0.740,0.505,0.400,0.686,0.284,0.182,0.651
BRATS_164.nii.gz,0.771,0.642,0.965,0.502,0.336,0.998,0.363,0.440,0.309,0.258,0.781,0.155,0.885,0.818,0.963
BRATS_165.nii.gz,0.810,0.692,0.978,0.158,0.086,1.000,0.747,0.605,0.978,0.334,0.773,0.213,0.741,0.748,0.733
BRATS_166.nii.gz,0.657,0.534,0.851,0.001,0.000,1.000,0.591,0.674,0.526,0.644,0.904,0.500,0.704,0.544,0.999
BRATS_167.nii.gz,0.887,0.841,0.937,0.136,0.746,0.075,0.553,0.547,0.559,0.179,0.775,0.101,0.890,0.834,0.953
BRATS_168.nii.gz,0.798,0.900,0.717,0.277,0.222,0.369,0.506,0.826,0.365,0.667,0.845,0.552,0.871,0.945,0.808
BRATS_169.nii.gz,0.474,0.580,0.402,0.001,0.000,1.000,0.477,0.415,0.561,0.159,0.460,0.096,0.642,0.595,0.697
BRATS_170.nii.gz,0.537,0.369,0.987,0.463,0.390,0.569,0.604,0.538,0.689,0.630,0.468,0.960,0.661,0.499,0.979
BRATS_171.nii.gz,0.804,0.693,0.959,0.002,0.001,1.000,0.895,0.817,0.990,0.203,0.511,0.127,0.962,0.958,0.965
BRATS_172.nii.gz,0.785,0.646,0.998,0.001,0.000,1.000,0.496,0.428,0.590,0.921,0.908,0.935,0.926,0.863,0.998
BRATS_173.nii.gz,0.632,0.462,0.999,0.001,0.000,1.000,0.409,0.257,0.999,0.784,0.668,0.950,0.630,0.460,0.999
BRATS_174.nii.gz,0.674,0.510,0.995,0.492,0.326,1.000,0.740,0.594,0.981,0.805,0.690,0.965,0.689,0.526,1.000
BRATS_175.nii.gz,0.000,0.000,0.000,0.021,0.276,0.011,0.000,0.000,0.000,0.000,0.000,0.000,0.000,0.000,0.000
BRATS_176.nii.gz,0.000,0.000,0.000,0.068,0.274,0.039,0.000,0.000,0.000,0.281,0.859,0.168,0.000,0.000,0.000
BRATS_177.nii.gz,0.378,0.604,0.276,0.065,0.793,0.034,0.389,0.349,0.438,0.102,0.729,0.055,0.676,0.622,0.741
BRATS_178.nii.gz,0.391,0.744,0.265,0.154,0.526,0.090,0.268,0.237,0.308,0.112,0.740,0.061,0.363,0.693,0.246
BRATS_179.nii.gz,0.747,0.637,0.902,0.645,0.500,0.909,0.382,0.249,0.828,0.750,0.644,0.898,0.749,0.644,0.896
BRATS_180.nii.gz,0.000,0.000,0.000,0.012,0.017,0.010,0.000,0.000,0.000,0.000,0.000,0.000,0.000,0.000,0.000
BRATS_181.nii.gz,0.758,0.611,0.998,0.000,0.000,1.000,0.539,0.369,0.997,0.879,0.823,0.943,0.800,0.672,0.989
BRATS_182.nii.gz,0.336,0.202,1.000,0.001,0.000,1.000,0.719,0.562,1.000,0.621,0.491,0.845,0.727,0.571,1.000
BRATS_183.nii.gz,0.861,0.831,0.892,0.003,0.001,1.000,0.580,0.478,0.739,0.464,0.827,0.322,0.806,0.799,0.813
BRATS_184.nii.gz,0.691,0.547,0.941,0.002,0.001,1.000,0.588,0.467,0.794,0.359,0.489,0.284,0.719,0.661,0.789
BRATS_185.nii.gz,0.668,0.526,0.916,0.002,0.001,1.000,0.536,0.428,0.717,0.378,0.509,0.300,0.618,0.448,0.998
BRATS_186.nii.gz,0.404,0.878,0.262,0.002,0.001,1.000,0.728,0.574,0.994,0.401,0.913,0.257,0.722,0.883,0.611
BRATS_187.nii.gz,0.510,0.885,0.358,0.002,0.001,1.000,0.500,0.608,0.425,0.341,0.706,0.225,0.795,0.854,0.743
BRATS_188.nii.gz,0.421,0.882,0.276,0.002,0.001,1.000,0.586,0.464,0.795,0.374,0.586,0.275,0.606,0.835,0.475
BRATS_189.nii.gz,0.579,0.714,0.487,0.415,0.504,0.352,0.357,0.596,0.255,0.484,0.794,0.348,0.639,0.525,0.814
BRATS_190.nii.gz,0.780,0.642,0.994,0.693,0.538,0.975,0.675,0.519,0.964,0.850,0.791,0.920,0.777,0.636,0.998
BRATS_191.nii.gz,0.837,0.751,0.947,0.000,0.000,1.000,0.542,0.400,0.843,0.837,0.837,0.837,0.858,0.781,0.950
BRATS_192.nii.gz,0.665,0.799,0.569,0.001,0.001,1.000,0.307,0.250,0.399,0.348,0.922,0.214,0.841,0.837,0.845
BRATS_193.nii.gz,0.813,0.818,0.808,0.889,0.814,0.979,0.670,0.504,1.000,0.890,0.829,0.961,0.879,0.784,0.999
BRATS_194.nii.gz,0.365,0.231,0.875,0.001,0.000,1.000,0.602,0.470,0.839,0.219,0.210,0.228,0.861,0.789,0.946
BRATS_195.nii.gz,0.625,0.455,1.000,0.001,0.000,1.000,0.528,0.360,0.990,0.353,0.215,0.990,0.623,0.452,1.000
BRATS_196.nii.gz,0.877,0.851,0.905,0.457,0.898,0.306,0.837,0.823,0.850,0.817,0.948,0.718,0.766,0.628,0.980
BRATS_197.nii.gz,0.403,0.315,0.559,0.001,0.000,1.000,0.408,0.380,0.441,0.448,0.986,0.290,0.481,0.724,0.361
BRATS_198.nii.gz,0.916,0.913,0.919,0.000,0.000,1.000,0.788,0.650,1.000,0.614,0.931,0.458,0.930,0.925,0.935
BRATS_199.nii.gz,0.743,0.633,0.901,0.676,0.627,0.733,0.539,0.540,0.538,0.361,0.847,0.229,0.665,0.693,0.640
BRATS_200.nii.gz,0.786,0.702,0.894,0.000,0.000,1.000,0.845,0.772,0.933,0.792,0.743,0.848,0.810,0.808,0.812
BRATS_201.nii.gz,0.942,0.926,0.958,0.452,0.342,0.664,0.739,0.597,0.972,0.878,0.932,0.831,0.946,0.928,0.964
BRATS_202.nii.gz,0.704,0.555,0.962,0.000,0.000,1.000,0.405,0.262,0.885,0.674,0.662,0.686,0.749,0.641,0.901
BRATS_203.nii.gz,0.776,0.790,0.762,0.001,0.000,1.000,0.506,0.366,0.817,0.462,0.890,0.312,0.766,0.804,0.731
BRATS_204.nii.gz,0.812,0.701,0.966,0.325,0.705,0.211,0.650,0.483,0.991,0.818,0.776,0.864,0.879,0.799,0.978
BRATS_205.nii.gz,0.774,0.636,0.988,0.001,0.000,1.000,0.742,0.770,0.715,0.928,0.918,0.939,0.941,0.893,0.995
BRATS_206.nii.gz,0.602,0.474,0.826,0.000,0.000,1.000,0.570,0.457,0.759,0.563,0.771,0.443,0.685,0.593,0.811
BRATS_207.nii.gz,0.847,0.803,0.895,0.000,0.000,1.000,0.789,0.795,0.784,0.633,0.884,0.493,0.813,0.849,0.780
BRATS_208.nii.gz,0.844,0.779,0.921,0.001,0.001,1.000,0.573,0.520,0.639,0.513,0.885,0.361,0.835,0.748,0.945
BRATS_209.nii.gz,0.590,0.431,0.938,0.383,0.803,0.251,0.484,0.827,0.342,0.853,0.809,0.903,0.632,0.476,0.942
BRATS_210.nii.gz,0.587,0.420,0.972,0.723,0.619,0.870,0.499,0.805,0.361,0.805,0.839,0.773,0.874,0.846,0.904
BRATS_211.nii.gz,0.439,0.410,0.472,0.720,0.747,0.695,0.494,0.622,0.410,0.705,0.800,0.630,0.856,0.890,0.824
BRATS_212.nii.gz,0.695,0.746,0.650,0.716,0.726,0.706,0.353,0.560,0.258,0.800,0.787,0.813,0.840,0.859,0.822
BRATS_213.nii.gz,0.579,0.983,0.410,0.194,1.000,0.107,0.001,0.001,1.000,0.180,1.000,0.099,0.742,0.980,0.598
BRATS_214.nii.gz,0.338,0.203,0.993,0.271,0.746,0.165,0.253,0.519,0.168,0.816,0.831,0.802,0.849,0.886,0.815
BRATS_215.nii.gz,0.619,0.687,0.563,0.255,0.729,0.155,0.365,0.347,0.386,0.626,0.744,0.540,0.631,0.720,0.562
BRATS_216.nii.gz,0.798,0.790,0.806,0.383,0.366,0.402,0.424,0.552,0.344,0.723,0.663,0.796,0.689,0.995,0.527
BRATS_217.nii.gz,0.883,0.839,0.931,0.360,0.535,0.271,0.603,0.432,0.998,0.590,0.874,0.446,0.886,0.846,0.931
BRATS_218.nii.gz,0.937,0.920,0.955,0.067,0.129,0.045,0.902,0.827,0.992,0.774,0.938,0.659,0.925,0.923,0.926
BRATS_219.nii.gz,0.845,0.963,0.753,0.599,0.454,0.877,0.288,0.168,1.000,0.594,0.456,0.850,0.649,0.480,1.000
BRATS_220.nii.gz,0.478,0.381,0.641,0.001,0.000,1.000,0.451,0.291,1.000,0.748,0.825,0.684,0.506,0.378,0.766
BRATS_221.nii.gz,0.763,0.631,0.965,0.458,0.297,1.000,0.517,0.354,0.958,0.714,0.657,0.782,0.717,0.561,0.992
BRATS_222.nii.gz,0.470,0.851,0.325,0.001,0.000,1.000,0.661,0.499,0.979,0.447,0.942,0.293,0.544,0.875,0.395
BRATS_223.nii.gz,0.220,0.127,0.811,0.000,0.000,1.000,0.353,0.225,0.827,0.367,0.328,0.416,0.432,0.287,0.867
BRATS_224.nii.gz,0.690,0.946,0.544,0.321,0.962,0.192,0.438,0.546,0.366,0.635,0.966,0.473,0.742,0.967,0.602
BRATS_225.nii.gz,0.828,0.718,0.978,0.830,0.720,0.978,0.646,0.477,0.999,0.784,0.873,0.712,0.850,0.748,0.985
BRATS_226.nii.gz,0.746,0.870,0.654,0.001,0.001,1.000,0.464,0.302,0.996,0.345,0.901,0.213,0.749,0.899,0.642
BRATS_227.nii.gz,0.773,0.669,0.915,0.477,0.315,0.984,0.722,0.594,0.921,0.832,0.755,0.928,0.785,0.676,0.936
BRATS_228.nii.gz,0.752,0.952,0.622,0.332,0.199,1.000,0.574,0.404,0.993,0.514,0.346,0.996,0.499,0.332,0.999
BRATS_229.nii.gz,0.737,0.584,1.000,0.374,0.525,0.291,0.605,0.434,0.998,0.722,0.564,1.000,0.763,0.617,1.000
BRATS_230.nii.gz,0.951,0.986,0.919,0.002,0.001,1.000,0.519,0.831,0.377,0.186,0.180,0.191,0.952,0.983,0.922
BRATS_231.nii.gz,0.666,0.500,0.999,0.140,0.075,1.000,0.730,0.591,0.954,0.896,0.913,0.878,0.667,0.501,0.998
BRATS_232.nii.gz,0.775,0.656,0.948,0.002,0.001,1.000,0.651,0.530,0.845,0.510,0.834,0.367,0.725,0.585,0.952
BRATS_233.nii.gz,0.899,0.828,0.983,0.125,0.416,0.074,0.835,0.720,0.994,0.329,0.704,0.215,0.887,0.810,0.980
BRATS_234.nii.gz,0.839,0.933,0.762,0.680,0.521,0.979,0.541,0.490,0.605,0.544,0.961,0.379,0.917,0.866,0.975
BRATS_235.nii.gz,0.790,0.653,1.000,0.829,0.711,0.994,0.828,0.716,0.981,0.897,0.814,1.000,0.829,0.708,1.000
BRATS_236.nii.gz,0.517,0.422,0.665,0.001,0.000,1.000,0.319,0.244,0.462,0.488,0.759,0.359,0.461,0.300,0.999
BRATS_237.nii.gz,0.863,0.795,0.943,0.316,0.187,0.997,0.837,0.764,0.927,0.656,0.818,0.547,0.895,0.866,0.927
BRATS_238.nii.gz,0.915,0.887,0.945,0.071,0.705,0.038,0.853,0.757,0.978,0.943,0.906,0.983,0.948,0.935,0.963
BRATS_239.nii.gz,0.692,0.530,0.994,0.375,0.234,0.953,0.457,0.343,0.687,0.826,0.858,0.796,0.782,0.652,0.975
BRATS_240.nii.gz,0.732,0.610,0.915,0.633,0.466,0.986,0.512,0.514,0.510,0.833,0.738,0.957,0.842,0.792,0.899
BRATS_241.nii.gz,0.146,0.079,0.997,0.408,0.602,0.309,0.030,0.015,1.000,0.714,0.560,0.982,0.668,0.506,0.982
BRATS_242.nii.gz,0.395,0.247,0.990,0.378,0.233,1.000,0.534,0.468,0.623,0.659,0.496,0.980,0.435,0.280,0.969
BRATS_243.nii.gz,0.462,0.443,0.483,0.001,0.000,1.000,0.714,0.564,0.975,0.166,0.382,0.106,0.721,0.723,0.719
BRATS_244.nii.gz,0.899,0.955,0.849,0.001,0.000,1.000,0.874,0.776,1.000,0.594,0.995,0.423,0.952,0.961,0.943
BRATS_245.nii.gz,0.514,0.353,0.942,0.230,0.290,0.191,0.784,0.664,0.958,0.366,0.988,0.225,0.503,0.336,1.000
BRATS_246.nii.gz,0.607,0.671,0.554,0.001,0.000,1.000,0.376,0.386,0.367,0.492,0.954,0.331,0.786,0.648,0.999
BRATS_247.nii.gz,0.875,0.897,0.854,0.355,0.216,1.000,0.363,0.373,0.353,0.390,0.878,0.251,0.844,0.730,1.000
BRATS_248.nii.gz,0.591,0.440,0.899,0.641,0.471,1.000,0.428,0.430,0.426,0.903,0.956,0.856,0.923,0.966,0.883
BRATS_249.nii.gz,0.671,0.505,0.999,0.528,0.360,0.992,0.140,0.075,1.000,0.877,0.790,0.986,0.766,0.625,0.989
BRATS_250.nii.gz,0.686,0.660,0.713,0.313,0.187,0.959,0.439,0.590,0.350,0.402,0.659,0.289,0.712,0.704,0.719
BRATS_251.nii.gz,0.602,0.469,0.839,0.000,0.000,1.000,0.418,0.265,1.000,0.732,0.900,0.617,0.430,0.274,1.000
BRATS_252.nii.gz,0.640,0.471,0.999,0.503,0.348,0.907,0.623,0.562,0.699,0.726,0.673,0.788,0.735,0.675,0.808
BRATS_253.nii.gz,0.686,0.679,0.694,0.384,0.561,0.292,0.758,0.620,0.975,0.624,0.560,0.706,0.742,0.591,0.996
BRATS_254.nii.gz,0.790,0.693,0.918,0.001,0.000,1.000,0.720,0.563,1.000,0.457,0.945,0.301,0.784,0.713,0.870
BRATS_255.nii.gz,0.908,0.901,0.915,0.001,0.000,1.000,0.818,0.693,1.000,0.776,0.928,0.666,0.766,0.621,1.000
BRATS_256.nii.gz,0.944,0.955,0.933,0.451,1.000,0.291,0.831,0.929,0.753,0.823,0.750,0.910,0.913,0.842,0.996
BRATS_257.nii.gz,0.800,0.673,0.987,0.742,0.855,0.655,0.776,0.634,0.999,0.886,0.809,0.978,0.843,0.732,0.994
BRATS_258.nii.gz,0.871,0.962,0.796,0.145,0.265,0.100,0.550,0.703,0.452,0.749,0.953,0.616,0.921,0.954,0.891
BRATS_259.nii.gz,0.913,0.875,0.954,0.001,0.001,1.000,0.671,0.833,0.562,0.631,0.693,0.578,0.816,0.689,1.000
BRATS_260.nii.gz,0.947,0.918,0.978,0.001,0.000,1.000,0.856,0.769,0.964,0.872,0.964,0.795,0.885,0.793,1.000
BRATS_261.nii.gz,0.740,0.625,0.907,0.435,0.278,1.000,0.632,0.472,0.957,0.618,0.771,0.515,0.772,0.640,0.973
BRATS_262.nii.gz,0.405,0.868,0.264,0.098,0.550,0.053,0.842,0.754,0.954,0.124,0.795,0.067,0.808,0.685,0.986
BRATS_263.nii.gz,0.758,0.630,0.951,0.001,0.000,1.000,0.630,0.471,0.953,0.720,0.718,0.723,0.766,0.630,0.979
BRATS_264.nii.gz,0.910,0.918,0.902,0.448,0.289,1.000,0.802,0.777,0.829,0.648,0.949,0.492,0.925,0.961,0.891
BRATS_265.nii.gz,0.346,0.209,1.000,0.737,0.584,1.000,0.183,0.101,1.000,0.369,0.226,1.000,0.331,0.198,1.000
BRATS_266.nii.gz,0.564,0.399,0.964,0.000,0.000,1.000,0.523,0.354,1.000,0.870,0.785,0.975,0.587,0.421,0.972
BRATS_267.nii.gz,0.817,0.967,0.707,0.001,0.000,1.000,0.840,0.834,0.847,0.809,0.679,0.999,0.777,0.636,0.998
BRATS_268.nii.gz,0.826,0.912,0.754,0.001,0.000,1.000,0.288,0.168,1.000,0.522,0.954,0.359,0.735,0.668,0.818
BRATS_269.nii.gz,0.810,0.686,0.988,0.001,0.000,1.000,0.683,0.533,0.949,0.866,0.794,0.951,0.925,0.897,0.955
BRATS_270.nii.gz,0.617,0.979,0.450,0.001,0.001,1.000,0.634,0.677,0.596,0.566,0.974,0.399,0.609,0.963,0.445
BRATS_271.nii.gz,0.723,0.666,0.792,0.001,0.000,1.000,0.322,0.192,1.000,0.802,0.750,0.862,0.819,0.785,0.856
BRATS_272.nii.gz,0.784,0.766,0.802,0.426,0.387,0.475,0.621,0.457,0.969,0.707,0.665,0.755,0.766,0.725,0.812
BRATS_273.nii.gz,0.784,0.661,0.964,0.391,0.243,1.000,0.621,0.472,0.907,0.513,0.717,0.399,0.738,0.882,0.634
BRATS_274.nii.gz,0.921,0.855,0.998,0.540,0.748,0.422,0.784,0.644,1.000,0.654,0.900,0.514,0.852,0.742,1.000
BRATS_275.nii.gz,0.672,0.754,0.606,0.799,0.720,0.898,0.667,0.537,0.881,0.665,0.940,0.515,0.608,0.441,0.978
BRATS_276.nii.gz,0.246,0.141,0.973,0.001,0.000,1.000,0.922,0.855,1.000,0.166,0.091,0.947,0.671,0.509,0.986
BRATS_277.nii.gz,0.685,0.527,0.978,0.000,0.000,1.000,0.502,0.412,0.642,0.800,0.701,0.931,0.747,0.602,0.984
BRATS_278.nii.gz,0.638,0.929,0.486,0.002,0.001,1.000,0.101,0.097,0.105,0.381,0.910,0.241,0.741,0.896,0.632
BRATS_279.nii.gz,0.793,0.665,0.982,0.000,0.000,1.000,0.602,0.437,0.965,0.885,0.824,0.957,0.833,0.728,0.973
BRATS_280.nii.gz,0.708,0.559,0.965,0.000,0.000,1.000,0.815,0.744,0.901,0.844,0.802,0.891,0.878,0.802,0.971
BRATS_281.nii.gz,0.744,0.593,0.998,0.000,0.000,1.000,0.541,0.475,0.630,0.414,0.831,0.276,0.765,0.620,0.997
BRATS_282.nii.gz,0.337,0.550,0.243,0.001,0.001,1.000,0.742,0.590,1.000,0.153,0.561,0.089,0.362,0.557,0.269
BRATS_283.nii.gz,0.359,0.219,0.999,0.000,0.000,1.000,0.594,0.423,1.000,0.348,0.212,0.968,0.462,0.301,0.990
BRATS_284.nii.gz,0.932,0.882,0.988,0.001,0.000,1.000,0.928,0.865,1.000,0.879,0.906,0.854,0.830,0.709,1.000
BRATS_285.nii.gz,0.177,0.098,0.853,0.001,0.001,1.000,0.172,0.095,0.946,0.144,0.094,0.310,0.177,0.099,0.836
BRATS_286.nii.gz,0.489,0.346,0.834,0.001,0.000,1.000,0.658,0.647,0.670,0.566,0.498,0.656,0.783,0.800,0.767
BRATS_287.nii.gz,0.899,0.910,0.890,0.002,0.001,1.000,0.849,0.812,0.889,0.175,0.900,0.097,0.920,0.917,0.923
BRATS_288.nii.gz,0.890,0.991,0.808,0.315,0.797,0.196,0.673,0.831,0.566,0.150,1.000,0.081,0.896,0.991,0.817
BRATS_289.nii.gz,0.768,0.942,0.649,0.001,0.000,1.000,0.141,0.076,1.000,0.634,0.918,0.485,0.876,0.944,0.817
BRATS_290.nii.gz,0.838,0.833,0.843,0.325,0.955,0.196,0.371,0.261,0.641,0.746,0.892,0.641,0.864,0.861,0.867
BRATS_291.nii.gz,0.662,0.528,0.887,0.001,0.000,1.000,0.685,0.688,0.682,0.835,0.877,0.797,0.896,0.852,0.944
BRATS_292.nii.gz,0.069,0.040,0.272,0.042,0.045,0.039,0.070,0.038,0.468,0.407,0.301,0.628,0.873,0.894,0.854
BRATS_293.nii.gz,0.760,0.669,0.879,0.001,0.001,1.000,0.789,0.655,0.992,0.371,0.671,0.256,0.813,0.721,0.931
BRATS_294.nii.gz,0.113,0.060,1.000,0.001,0.000,1.000,0.100,0.053,1.000,0.114,0.060,0.990,0.114,0.060,1.000
BRATS_295.nii.gz,0.653,0.526,0.862,0.000,0.000,1.000,0.754,0.655,0.889,0.829,0.716,0.984,0.762,0.629,0.967
BRATS_296.nii.gz,0.950,0.929,0.973,0.001,0.000,1.000,0.625,0.812,0.507,0.945,0.942,0.949,0.925,0.896,0.955
BRATS_297.nii.gz,0.843,0.981,0.739,0.002,0.001,1.000,0.704,0.557,0.956,0.669,1.000,0.503,0.824,0.998,0.702
BRATS_298.nii.gz,0.728,0.572,1.000,0.517,0.350,0.992,0.610,0.439,1.000,0.841,0.838,0.844,0.728,0.573,1.000
BRATS_299.nii.gz,0.882,0.798,0.986,0.748,0.710,0.791,0.679,0.513,1.000,0.906,0.864,0.952,0.760,0.612,1.000
BRATS_300.nii.gz,0.650,0.870,0.519,0.001,0.000,1.000,0.509,0.342,0.998,0.576,0.910,0.421,0.556,0.386,0.997
BRATS_301.nii.gz,0.812,0.796,0.829,0.470,0.307,1.000,0.786,0.658,0.975,0.776,0.834,0.725,0.828,0.770,0.895
BRATS_302.nii.gz,0.739,0.660,0.840,0.120,0.065,0.755,0.322,0.665,0.212,0.798,0.777,0.821,0.833,0.865,0.804
BRATS_303.nii.gz,0.240,0.137,0.960,0.006,0.003,0.371,0.273,0.159,0.960,0.651,0.485,0.987,0.228,0.129,0.958
BRATS_304.nii.gz,0.666,0.633,0.703,0.515,0.416,0.674,0.559,0.392,0.976,0.715,0.641,0.808,0.716,0.632,0.825
BRATS_305.nii.gz,0.792,0.967,0.672,0.087,0.054,0.226,0.539,0.834,0.398,0.231,0.982,0.131,0.922,0.910,0.934
BRATS_306.nii.gz,0.873,0.793,0.972,0.583,0.413,0.991,0.621,0.450,1.000,0.894,0.829,0.969,0.862,0.782,0.960
BRATS_307.nii.gz,0.901,0.906,0.896,0.265,1.000,0.153,0.662,0.839,0.547,0.779,0.969,0.652,0.894,0.931,0.860
BRATS_308.nii.gz,0.641,0.543,0.783,0.001,0.000,1.000,0.426,0.453,0.401,0.718,0.664,0.781,0.775,0.651,0.958
BRATS_309.nii.gz,0.910,0.908,0.912,0.001,0.000,1.000,0.658,0.750,0.586,0.360,0.980,0.221,0.797,0.672,0.980
BRATS_310.nii.gz,0.641,0.473,0.991,0.578,0.413,0.963,0.183,0.101,1.000,0.628,0.460,0.991,0.760,0.616,0.993
BRATS_311.nii.gz,0.854,0.768,0.961,0.001,0.000,1.000,0.799,0.747,0.859,0.717,0.677,0.761,0.805,0.704,0.941
BRATS_312.nii.gz,0.867,0.946,0.800,0.166,0.098,0.548,0.681,0.895,0.549,0.701,0.989,0.543,0.848,0.932,0.778
BRATS_313.nii.gz,0.803,0.800,0.806,0.128,0.069,1.000,0.581,0.453,0.809,0.853,0.767,0.961,0.777,0.748,0.808
BRATS_314.nii.gz,0.891,0.882,0.899,0.075,0.039,0.897,0.781,0.660,0.955,0.318,0.190,0.983,0.842,0.746,0.965
BRATS_315.nii.gz,0.281,0.172,0.781,0.178,0.161,0.200,0.230,0.130,1.000,0.634,0.793,0.527,0.259,0.149,0.996
BRATS_316.nii.gz,0.883,0.791,0.998,0.580,0.409,1.000,0.887,0.797,0.999,0.829,0.744,0.935,0.869,0.769,0.999
BRATS_317.nii.gz,0.830,0.906,0.766,0.624,0.607,0.643,0.456,0.296,1.000,0.469,0.888,0.319,0.896,0.834,0.968
BRATS_318.nii.gz,0.874,0.778,0.995,0.587,0.424,0.953,0.933,0.902,0.966,0.825,0.706,0.991,0.878,0.787,0.993
BRATS_319.nii.gz,0.880,0.789,0.994,0.001,0.000,1.000,0.913,0.859,0.975,0.912,0.854,0.978,0.882,0.792,0.995
BRATS_320.nii.gz,0.817,0.733,0.922,0.138,0.074,0.950,0.597,0.441,0.926,0.704,0.558,0.952,0.727,0.591,0.945
BRATS_321.nii.gz,0.830,0.975,0.723,0.510,0.357,0.891,0.874,0.898,0.852,0.735,0.811,0.672,0.885,0.880,0.890
BRATS_322.nii.gz,0.621,0.873,0.482,0.002,0.001,1.000,0.296,0.747,0.184,0.370,0.949,0.230,0.637,0.886,0.497
BRATS_323.nii.gz,0.886,0.917,0.857,0.001,0.001,1.000,0.294,0.331,0.264,0.802,0.962,0.688,0.851,0.814,0.891
BRATS_324.nii.gz,0.882,0.935,0.834,0.001,0.000,1.000,0.746,0.778,0.718,0.602,0.871,0.460,0.753,0.956,0.621
BRATS_325.nii.gz,0.929,0.975,0.887,0.001,0.001,1.000,0.848,0.740,0.993,0.211,0.995,0.118,0.887,0.800,0.995
BRATS_326.nii.gz,0.882,0.916,0.850,0.499,0.987,0.334,0.460,0.299,1.000,0.813,0.967,0.702,0.860,0.783,0.954
BRATS_327.nii.gz,0.850,0.740,0.999,0.371,0.228,0.996,0.680,0.636,0.731,0.759,0.620,0.979,0.844,0.731,0.997
BRATS_328.nii.gz,0.689,0.527,0.998,0.001,0.000,1.000,0.697,0.537,0.992,0.792,0.676,0.957,0.680,0.515,1.000
BRATS_329.nii.gz,0.790,0.680,0.944,0.719,0.580,0.944,0.365,0.262,0.603,0.829,0.728,0.964,0.810,0.708,0.947
BRATS_330.nii.gz,0.667,0.825,0.560,0.555,0.394,0.936,0.746,0.619,0.940,0.327,0.889,0.200,0.728,0.834,0.646
BRATS_331.nii.gz,0.722,0.580,0.956,0.401,0.251,0.999,0.257,0.148,0.995,0.771,0.651,0.945,0.699,0.573,0.894
BRATS_332.nii.gz,0.642,0.474,0.994,0.334,0.208,0.845,0.571,0.400,0.996,0.605,0.779,0.494,0.637,0.469,0.992
BRATS_333.nii.gz,0.863,0.906,0.825,0.250,0.511,0.166,0.690,0.872,0.570,0.754,0.785,0.725,0.887,0.878,0.897
BRATS_334.nii.gz,0.840,0.776,0.915,0.522,0.358,0.965,0.376,0.301,0.500,0.683,0.568,0.855,0.810,0.723,0.922
BRATS_335.nii.gz,0.789,0.665,0.971,0.278,0.162,0.988,0.802,0.675,0.986,0.766,0.675,0.885,0.794,0.666,0.981
BRATS_336.nii.gz,0.663,0.702,0.628,0.001,0.001,1.000,0.581,0.409,1.000,0.417,0.960,0.266,0.901,0.847,0.964
BRATS_337.nii.gz,0.835,0.842,0.828,0.120,0.066,0.636,0.323,0.378,0.282,0.797,0.777,0.819,0.745,0.782,0.711
BRATS_338.nii.gz,0.247,0.988,0.141,0.004,0.002,1.000,0.551,0.956,0.387,0.325,0.986,0.194,0.311,0.972,0.185
BRATS_339.nii.gz,0.933,0.935,0.931,0.001,0.000,1.000,0.634,0.657,0.612,0.921,0.877,0.969,0.891,0.825,0.968
BRATS_340.nii.gz,0.854,0.910,0.804,0.042,0.022,0.547,0.168,0.093,0.884,0.788,0.961,0.668,0.782,0.916,0.682
BRATS_341.nii.gz,0.868,0.778,0.982,0.741,0.590,0.997,0.360,0.219,0.996,0.838,0.725,0.993,0.840,0.740,0.971
BRATS_342.nii.gz,0.643,0.477,0.983,0.001,0.001,1.000,0.339,0.204,1.000,0.712,0.569,0.950,0.510,0.356,0.900
BRATS_343.nii.gz,0.654,0.565,0.775,0.001,0.001,1.000,0.720,0.563,1.000,0.711,0.781,0.653,0.840,0.726,0.996
BRATS_344.nii.gz,0.832,0.738,0.952,0.001,0.000,1.000,0.347,0.210,1.000,0.930,0.902,0.960,0.837,0.734,0.973
BRATS_345.nii.gz,0.916,0.944,0.889,0.336,0.202,1.000,0.442,0.283,1.000,0.856,0.920,0.801,0.835,0.723,0.988
BRATS_346.nii.gz,0.914,0.890,0.939,0.741,0.672,0.826,0.748,0.600,0.992,0.851,0.929,0.785,0.913,0.857,0.977
BRATS_347.nii.gz,0.866,0.825,0.911,0.001,0.000,1.000,0.853,0.754,0.982,0.804,0.677,0.988,0.726,0.572,0.995
BRATS_348.nii.gz,0.789,0.680,0.938,0.671,0.507,0.991,0.534,0.364,1.000,0.732,0.582,0.985,0.762,0.624,0.978
BRATS_349.nii.gz,0.796,0.681,0.956,0.366,0.224,0.999,0.644,0.475,0.999,0.667,0.620,0.721,0.780,0.655,0.963
BRATS_350.nii.gz,0.372,0.934,0.232,0.001,0.001,1.000,0.539,0.369,1.000,0.240,0.979,0.137,0.812,0.684,0.997
BRATS_351.nii.gz,0.826,0.715,0.978,0.001,0.000,1.000,0.762,0.620,0.989,0.310,0.977,0.184,0.690,0.527,0.999
BRATS_352.nii.gz,0.736,0.618,0.909,0.223,0.146,0.474,0.603,0.489,0.784,0.755,0.650,0.899,0.719,0.593,0.914
BRATS_353.nii.gz,0.741,0.847,0.658,0.189,0.160,0.232,0.439,0.313,0.737,0.729,0.846,0.640,0.695,0.855,0.585
BRATS_354.nii.gz,0.716,0.585,0.924,0.001,0.000,1.000,0.654,0.500,0.945,0.810,0.744,0.890,0.742,0.614,0.936
BRATS_355.nii.gz,0.890,0.859,0.924,0.655,0.723,0.598,0.399,0.531,0.319,0.464,0.864,0.317,0.898,0.860,0.939
BRATS_356.nii.gz,0.876,0.787,0.990,0.374,0.554,0.283,0.649,0.599,0.707,0.678,0.516,0.989,0.854,0.748,0.995
BRATS_357.nii.gz,0.765,0.968,0.633,0.267,0.340,0.220,0.768,0.826,0.717,0.763,0.817,0.716,0.790,0.964,0.670
BRATS_358.nii.gz,0.815,0.768,0.868,0.001,0.000,1.000,0.685,0.522,0.996,0.853,0.865,0.843,0.834,0.788,0.886
BRATS_359.nii.gz,0.856,0.784,0.942,0.002,0.001,1.000,0.721,0.568,0.986,0.754,0.835,0.687,0.794,0.807,0.782
BRATS_360.nii.gz,0.758,0.793,0.727,0.001,0.001,1.000,0.803,0.671,1.000,0.222,0.961,0.125,0.843,0.733,0.991
BRATS_361.nii.gz,0.772,0.629,1.000,0.607,0.459,0.898,0.819,0.693,1.000,0.525,0.873,0.375,0.778,0.637,0.999
BRATS_362.nii.gz,0.742,0.972,0.600,0.330,0.621,0.225,0.706,0.860,0.599,0.858,0.888,0.831,0.934,0.913,0.957
BRATS_363.nii.gz,0.386,0.239,0.999,0.438,0.283,0.975,0.537,0.374,0.955,0.502,0.336,0.992,0.499,0.334,0.993
BRATS_364.nii.gz,0.762,0.990,0.620,0.002,0.001,1.000,0.906,0.844,0.977,0.212,1.000,0.118,0.890,0.805,0.995
BRATS_365.nii.gz,0.905,0.988,0.834,0.001,0.000,1.000,0.890,0.858,0.924,0.828,0.811,0.846,0.911,0.987,0.845
BRATS_366.nii.gz,0.779,0.719,0.849,0.719,0.575,0.958,0.677,0.565,0.843,0.815,0.792,0.838,0.797,0.764,0.833
BRATS_367.nii.gz,0.888,0.837,0.946,0.355,0.579,0.256,0.841,0.728,0.996,0.802,0.704,0.932,0.450,0.290,1.000
BRATS_368.nii.gz,0.704,0.802,0.628,0.043,0.022,1.000,0.333,0.336,0.329,0.414,0.944,0.266,0.748,0.787,0.712
BRATS_369.nii.gz,0.800,0.671,0.989,0.000,0.000,1.000,0.745,0.726,0.764,0.818,0.702,0.980,0.564,0.393,0.998
BRATS_370.nii.gz,0.910,0.848,0.981,0.002,0.001,1.000,0.607,0.890,0.461,0.914,0.881,0.949,0.929,0.877,0.988
BRATS_371.nii.gz,0.741,0.620,0.920,0.368,0.259,0.637,0.284,0.169,0.872,0.568,0.753,0.456,0.737,0.608,0.933
BRATS_372.nii.gz,0.913,0.937,0.889,0.310,0.246,0.421,0.620,0.806,0.504,0.895,0.944,0.850,0.859,0.910,0.813
BRATS_373.nii.gz,0.862,0.941,0.795,0.124,0.985,0.066,0.777,0.641,0.985,0.833,0.899,0.776,0.874,0.921,0.832
BRATS_374.nii.gz,0.918,0.877,0.964,0.559,0.393,0.965,0.507,0.781,0.375,0.924,0.896,0.953,0.908,0.859,0.963
BRATS_375.nii.gz,0.926,0.864,0.996,0.574,0.930,0.415,0.878,0.791,0.986,0.931,0.982,0.884,0.904,0.828,0.995
BRATS_376.nii.gz,0.484,0.836,0.341,0.355,0.591,0.254,0.461,0.703,0.343,0.318,0.853,0.196,0.451,0.815,0.311
BRATS_377.nii.gz,0.910,0.873,0.952,0.423,0.321,0.620,0.848,0.751,0.973,0.880,0.867,0.894,0.906,0.872,0.944
BRATS_378.nii.gz,0.754,0.611,0.986,0.686,0.532,0.965,0.306,0.180,1.000,0.908,0.846,0.981,0.752,0.608,0.988
BRATS_379.nii.gz,0.912,0.869,0.959,0.544,0.437,0.719,0.511,0.855,0.364,0.852,0.864,0.839,0.869,0.900,0.841
BRATS_380.nii.gz,0.000,0.000,0.000,0.000,0.000,0.000,0.000,0.000,0.000,0.000,0.000,0.000,0.000,0.000,0.000
BRATS_381.nii.gz,0.000,0.000,0.000,0.000,0.000,0.000,0.000,0.000,0.000,0.000,0.000,0.000,0.000,0.000,0.000
BRATS_382.nii.gz,0.860,0.801,0.930,0.583,0.415,0.980,0.821,0.808,0.835,0.278,0.742,0.171,0.872,0.835,0.912
BRATS_383.nii.gz,0.828,0.769,0.897,0.035,0.018,1.000,0.613,0.514,0.759,0.852,0.809,0.900,0.865,0.795,0.949
BRATS_384.nii.gz,0.462,0.304,0.961,0.196,0.573,0.118,0.548,0.383,0.965,0.640,0.678,0.607,0.686,0.558,0.891
BRATS_385.nii.gz,0.532,0.363,1.000,0.001,0.000,1.000,0.775,0.635,0.994,0.370,0.245,0.760,0.595,0.425,0.992
BRATS_386.nii.gz,0.722,0.947,0.584,0.608,0.509,0.754,0.668,0.686,0.652,0.672,0.920,0.529,0.696,0.954,0.548
BRATS_387.nii.gz,0.623,0.453,0.998,0.702,0.670,0.738,0.598,0.431,0.979,0.403,0.252,1.000,0.399,0.249,1.000
BRATS_388.nii.gz,0.881,0.816,0.958,0.377,0.232,1.000,0.858,0.768,0.972,0.899,0.927,0.873,0.916,0.888,0.946
BRATS_389.nii.gz,0.921,0.975,0.872,0.600,0.642,0.563,0.515,0.591,0.457,0.500,0.925,0.343,0.947,0.947,0.947
BRATS_390.nii.gz,0.909,0.929,0.890,0.453,0.957,0.297,0.812,0.683,1.000,0.356,1.000,0.216,0.895,0.816,0.991
BRATS_391.nii.gz,0.934,0.937,0.931,0.001,0.000,1.000,0.458,0.297,1.000,0.577,0.989,0.407,0.809,0.680,0.999
BRATS_392.nii.gz,0.823,0.763,0.892,0.802,0.698,0.944,0.599,0.619,0.580,0.843,0.758,0.950,0.785,0.664,0.960
BRATS_393.nii.gz,0.891,0.866,0.919,0.511,0.402,0.701,0.783,0.731,0.841,0.870,0.859,0.881,0.888,0.870,0.907
BRATS_394.nii.gz,0.892,0.960,0.833,0.799,0.666,1.000,0.715,0.626,0.833,0.879,0.937,0.828,0.900,0.946,0.857
BRATS_395.nii.gz,0.797,0.663,1.000,0.726,0.600,0.921,0.679,0.527,0.954,0.791,0.693,0.921,0.759,0.612,1.000
BRATS_396.nii.gz,0.827,0.705,1.000,0.001,0.000,1.000,0.731,0.804,0.670,0.915,0.871,0.964,0.848,0.737,0.999
BRATS_397.nii.gz,0.917,0.861,0.982,0.001,0.000,1.000,0.536,0.366,1.000,0.780,0.949,0.661,0.897,0.891,0.904
BRATS_398.nii.gz,0.774,0.632,0.999,0.001,0.000,1.000,0.726,0.606,0.906,0.744,0.730,0.759,0.809,0.681,0.997
BRATS_399.nii.gz,0.898,0.837,0.969,0.001,0.000,1.000,0.588,0.417,0.996,0.948,0.928,0.969,0.955,0.936,0.975
BRATS_400.nii.gz,0.845,0.931,0.774,0.697,0.539,0.987,0.392,0.244,1.000,0.485,0.974,0.323,0.859,0.965,0.774
BRATS_401.nii.gz,0.858,0.903,0.817,0.439,0.308,0.766,0.846,0.755,0.963,0.573,0.797,0.448,0.809,0.900,0.735
BRATS_402.nii.gz,0.191,0.106,1.000,0.296,0.175,0.951,0.683,0.628,0.749,0.368,0.521,0.284,0.795,0.755,0.839
BRATS_403.nii.gz,0.512,0.344,1.000,0.001,0.000,1.000,0.543,0.372,1.000,0.371,0.266,0.612,0.515,0.347,1.000
BRATS_404.nii.gz,0.684,0.520,1.000,0.781,0.640,1.000,0.743,0.595,0.989,0.770,0.626,1.000,0.705,0.544,1.000
BRATS_405.nii.gz,0.759,0.983,0.619,0.001,0.001,1.000,0.348,0.211,1.000,0.321,0.985,0.192,0.890,0.802,1.000
BRATS_406.nii.gz,0.630,0.984,0.463,0.163,0.661,0.093,0.241,0.137,1.000,0.264,0.920,0.154,0.673,0.976,0.513
BRATS_407.nii.gz,0.889,0.809,0.985,0.279,0.162,0.998,0.649,0.481,1.000,0.853,0.843,0.864,0.915,0.848,0.994
BRATS_408.nii.gz,0.399,0.971,0.251,0.001,0.001,1.000,0.573,0.401,1.000,0.300,0.981,0.177,0.458,0.933,0.304
BRATS_409.nii.gz,0.888,0.948,0.835,0.001,0.000,1.000,0.779,0.832,0.732,0.848,0.747,0.982,0.915,0.956,0.877
BRATS_410.nii.gz,0.939,0.889,0.995,0.001,0.000,1.000,0.841,0.742,0.972,0.704,0.544,1.000,0.789,0.651,1.000
BRATS_411.nii.gz,0.759,0.744,0.775,0.649,0.480,1.000,0.437,0.282,0.965,0.675,0.510,0.998,0.857,0.753,0.995
BRATS_412.nii.gz,0.769,0.680,0.887,0.000,0.000,1.000,0.496,0.330,1.000,0.814,0.732,0.917,0.564,0.393,1.000
BRATS_413.nii.gz,0.341,0.955,0.208,0.000,0.000,0.000,0.000,0.000,0.000,0.196,0.820,0.111,0.366,0.958,0.226
BRATS_414.nii.gz,0.693,0.533,0.993,0.641,0.472,0.997,0.641,0.477,0.977,0.622,0.452,0.996,0.628,0.460,0.993
BRATS_415.nii.gz,0.842,0.728,0.999,0.443,0.285,0.993,0.811,0.682,1.000,0.702,0.728,0.678,0.874,0.777,0.999
BRATS_416.nii.gz,0.596,0.424,1.000,0.001,0.000,1.000,0.891,0.803,1.000,0.683,0.526,0.974,0.929,0.868,1.000
BRATS_417.nii.gz,0.556,0.396,0.932,0.001,0.000,1.000,0.567,0.396,1.000,0.083,0.044,0.994,0.559,0.399,0.935
BRATS_418.nii.gz,0.491,0.625,0.404,0.182,0.365,0.121,0.409,0.257,1.000,0.486,0.321,0.996,0.691,0.532,0.986
BRATS_419.nii.gz,0.896,0.956,0.843,0.001,0.000,1.000,0.601,0.430,1.000,0.855,0.974,0.762,0.853,0.745,0.998
BRATS_420.nii.gz,0.701,0.717,0.685,0.001,0.000,1.000,0.757,0.612,0.994,0.678,0.847,0.566,0.751,0.602,0.998
BRATS_421.nii.gz,0.876,0.809,0.956,0.504,0.447,0.579,0.568,0.406,0.949,0.776,0.814,0.741,0.854,0.769,0.962
BRATS_422.nii.gz,0.529,0.360,1.000,0.001,0.000,1.000,0.637,0.481,0.941,0.818,0.692,0.999,0.750,0.600,1.000
BRATS_423.nii.gz,0.815,0.800,0.829,0.711,0.585,0.907,0.640,0.780,0.543,0.743,0.906,0.630,0.855,0.843,0.868
BRATS_424.nii.gz,0.760,0.703,0.827,0.001,0.000,1.000,0.180,0.099,1.000,0.739,0.912,0.622,0.774,0.925,0.666
BRATS_425.nii.gz,0.781,0.641,1.000,0.001,0.000,1.000,0.743,0.590,1.000,0.513,0.952,0.351,0.817,0.690,1.000
BRATS_426.nii.gz,0.788,0.707,0.891,0.000,0.000,1.000,0.682,0.644,0.725,0.778,0.731,0.831,0.810,0.737,0.900
BRATS_427.nii.gz,0.800,0.756,0.850,0.001,0.000,1.000,0.440,0.383,0.518,0.448,0.803,0.310,0.832,0.888,0.783
BRATS_428.nii.gz,0.744,0.620,0.931,0.698,0.539,0.987,0.651,0.524,0.858,0.821,0.733,0.934,0.767,0.641,0.954
BRATS_429.nii.gz,0.680,0.515,1.000,0.543,0.372,1.000,0.769,0.625,0.998,0.659,0.492,1.000,0.637,0.468,1.000
BRATS_430.nii.gz,0.672,0.525,0.935,0.334,0.968,0.202,0.421,0.586,0.329,0.680,0.632,0.736,0.902,0.977,0.838
BRATS_431.nii.gz,0.852,0.932,0.784,0.540,0.385,0.902,0.616,0.632,0.600,0.712,0.781,0.654,0.854,0.945,0.779
BRATS_432.nii.gz,0.746,0.681,0.824,0.668,0.543,0.867,0.576,0.490,0.698,0.786,0.736,0.843,0.682,0.563,0.864
BRATS_433.nii.gz,0.922,0.857,0.999,0.001,0.000,1.000,0.787,0.649,1.000,0.916,0.931,0.902,0.910,0.834,1.000
BRATS_434.nii.gz,0.376,0.232,1.000,0.398,0.674,0.282,0.823,0.711,0.978,0.376,0.231,1.000,0.376,0.231,1.000
BRATS_435.nii.gz,0.560,0.418,0.848,0.750,0.606,0.983,0.849,0.760,0.961,0.861,0.852,0.870,0.908,0.878,0.941
BRATS_436.nii.gz,0.872,0.981,0.785,0.457,0.875,0.309,0.792,0.657,0.997,0.797,0.986,0.669,0.890,0.812,0.985
BRATS_437.nii.gz,0.832,0.855,0.810,0.001,0.000,1.000,0.481,0.342,0.808,0.784,0.904,0.692,0.876,0.886,0.866
BRATS_438.nii.gz,0.503,0.659,0.406,0.726,0.572,0.992,0.653,0.486,0.996,0.789,0.654,0.993,0.761,0.620,0.987
BRATS_439.nii.gz,0.844,0.761,0.946,0.001,0.000,1.000,0.501,0.348,0.898,0.895,0.917,0.874,0.528,0.366,0.944
BRATS_440.nii.gz,0.748,0.615,0.955,0.001,0.001,1.000,0.264,0.293,0.240,0.250,0.892,0.145,0.915,0.873,0.960
BRATS_441.nii.gz,0.703,0.713,0.692,0.267,0.154,1.000,0.775,0.652,0.955,0.632,0.842,0.505,0.718,0.763,0.677
BRATS_442.nii.gz,0.630,0.557,0.726,0.001,0.000,1.000,0.703,0.542,1.000,0.690,0.731,0.653,0.826,0.704,1.000
BRATS_443.nii.gz,0.879,0.791,0.988,0.138,0.768,0.076,0.555,0.544,0.566,0.164,0.895,0.090,0.868,0.818,0.925
BRATS_444.nii.gz,0.651,0.616,0.690,0.001,0.001,1.000,0.570,0.717,0.473,0.667,0.781,0.582,0.637,0.635,0.640
BRATS_445.nii.gz,0.778,0.638,0.998,0.001,0.000,1.000,0.501,0.438,0.586,0.921,0.915,0.928,0.934,0.880,0.994
BRATS_446.nii.gz,0.631,0.461,0.999,0.001,0.000,1.000,0.410,0.258,0.999,0.784,0.668,0.950,0.631,0.461,0.998
BRATS_447.nii.gz,0.829,0.768,0.899,0.451,0.291,0.998,0.812,0.691,0.986,0.841,0.861,0.821,0.650,0.482,0.996
BRATS_448.nii.gz,0.774,0.631,1.000,0.000,0.000,1.000,0.511,0.343,1.000,0.867,0.797,0.951,0.784,0.647,0.995
BRATS_449.nii.gz,0.553,0.383,0.997,0.001,0.000,1.000,0.815,0.689,0.998,0.814,0.846,0.784,0.579,0.408,1.000
BRATS_450.nii.gz,0.752,0.620,0.954,0.752,0.637,0.919,0.716,0.579,0.939,0.454,0.957,0.297,0.827,0.717,0.978
BRATS_451.nii.gz,0.783,0.668,0.946,0.000,0.000,1.000,0.705,0.564,0.939,0.860,0.805,0.922,0.823,0.721,0.957
BRATS_452.nii.gz,0.673,0.509,0.994,0.631,0.474,0.944,0.424,0.269,1.000,0.674,0.511,0.990,0.601,0.430,0.999
BRATS_453.nii.gz,0.630,0.461,0.998,0.001,0.000,1.000,0.451,0.297,0.931,0.724,0.579,0.965,0.600,0.429,0.998
BRATS_454.nii.gz,0.719,0.579,0.951,0.329,0.214,0.712,0.787,0.657,0.980,0.647,0.501,0.912,0.761,0.637,0.945
BRATS_455.nii.gz,0.799,0.724,0.891,0.000,0.000,1.000,0.558,0.387,1.000,0.520,0.743,0.400,0.810,0.814,0.806
BRATS_456.nii.gz,0.909,0.914,0.904,0.630,0.460,1.000,0.689,0.534,0.972,0.559,0.916,0.402,0.901,0.869,0.936
BRATS_457.nii.gz,0.568,0.397,1.000,0.001,0.000,1.000,0.524,0.355,1.000,0.639,0.822,0.523,0.630,0.460,1.000
BRATS_458.nii.gz,0.448,0.856,0.304,0.001,0.000,1.000,0.678,0.520,0.972,0.424,0.939,0.274,0.483,0.885,0.333
BRATS_459.nii.gz,0.868,0.901,0.837,0.196,0.759,0.113,0.543,0.704,0.441,0.668,0.949,0.516,0.668,0.889,0.535
BRATS_460.nii.gz,0.726,0.575,0.986,0.802,0.673,0.990,0.602,0.431,1.000,0.758,0.808,0.714,0.805,0.677,0.993
BRATS_461.nii.gz,0.784,0.645,1.000,0.373,0.555,0.281,0.628,0.463,0.974,0.771,0.628,1.000,0.808,0.680,0.996
BRATS_462.nii.gz,0.693,0.573,0.876,0.001,0.001,1.000,0.508,0.340,1.000,0.449,0.775,0.316,0.548,0.378,0.997
BRATS_463.nii.gz,0.724,0.939,0.590,0.346,0.772,0.223,0.586,0.550,0.628,0.443,0.967,0.288,0.928,0.876,0.987
BRATS_464.nii.gz,0.774,0.632,0.999,0.829,0.708,0.998,0.846,0.748,0.973,0.755,0.606,1.000,0.711,0.551,1.000
BRATS_465.nii.gz,0.836,0.741,0.958,0.210,0.418,0.140,0.838,0.767,0.925,0.876,0.820,0.939,0.923,0.885,0.963
BRATS_466.nii.gz,0.932,0.893,0.974,0.699,0.622,0.798,0.897,0.913,0.883,0.930,0.909,0.952,0.956,0.960,0.953
BRATS_467.nii.gz,0.909,0.888,0.932,0.001,0.000,1.000,0.831,0.711,1.000,0.619,0.961,0.457,0.912,0.906,0.918
BRATS_468.nii.gz,0.630,0.460,1.000,0.503,0.347,0.916,0.598,0.533,0.681,0.786,0.793,0.780,0.718,0.650,0.801
BRATS_469.nii.gz,0.940,0.911,0.970,0.001,0.000,1.000,0.838,0.771,0.918,0.887,0.831,0.951,0.845,0.732,1.000
BRATS_470.nii.gz,0.899,0.820,0.994,0.493,0.974,0.330,0.801,0.872,0.741,0.891,0.855,0.931,0.905,0.830,0.994
BRATS_471.nii.gz,0.938,0.936,0.941,0.437,0.280,1.000,0.441,0.289,0.933,0.724,0.765,0.687,0.760,0.633,0.951
BRATS_472.nii.gz,0.779,0.698,0.882,0.001,0.000,1.000,0.677,0.532,0.934,0.768,0.831,0.714,0.778,0.688,0.895
BRATS_473.nii.gz,0.800,0.994,0.670,0.512,0.346,0.986,0.779,0.781,0.776,0.764,0.993,0.620,0.898,0.968,0.836
BRATS_474.nii.gz,0.351,0.213,0.998,0.734,0.580,1.000,0.178,0.098,1.000,0.368,0.225,1.000,0.331,0.198,1.000
BRATS_475.nii.gz,0.584,0.417,0.975,0.000,0.000,1.000,0.563,0.393,0.993,0.547,0.798,0.416,0.607,0.440,0.978
BRATS_476.nii.gz,0.737,0.836,0.660,0.680,0.515,1.000,0.689,0.838,0.585,0.864,0.761,0.999,0.565,0.393,1.000
BRATS_477.nii.gz,0.761,0.651,0.917,0.001,0.000,1.000,0.333,0.200,1.000,0.869,0.862,0.876,0.785,0.664,0.961
BRATS_478.nii.gz,0.761,0.637,0.945,0.383,0.237,1.000,0.582,0.437,0.872,0.555,0.805,0.423,0.710,0.839,0.615
BRATS_479.nii.gz,0.776,0.910,0.676,0.627,0.813,0.510,0.586,0.667,0.522,0.776,0.936,0.664,0.854,0.745,1.000
BRATS_480.nii.gz,0.786,0.656,0.980,0.128,0.069,1.000,0.350,0.212,1.000,0.715,0.565,0.972,0.793,0.664,0.985
BRATS_481.nii.gz,0.963,0.942,0.985,0.624,0.453,1.000,0.781,0.696,0.890,0.757,0.884,0.662,0.956,0.922,0.993
BRATS_482.nii.gz,0.341,0.208,0.947,0.001,0.000,1.000,0.679,0.778,0.602,0.543,0.389,0.899,0.461,0.306,0.930
BRATS_483.nii.gz,0.669,0.538,0.884,0.667,0.827,0.560,0.726,0.570,0.999,0.891,0.883,0.899,0.948,0.982,0.916
BRATS_484.nii.gz,0.480,0.321,0.959,0.757,0.612,0.992,0.746,0.609,0.963,0.675,0.582,0.802,0.655,0.502,0.943
